analysis	power	num_reps	num_found	fraction_found	fraction_se	mean_first_hit	mean_first_hit_se	censored_mean_first_hit	censored_mean_first_hit_se
NNI	0.0	50	50	1.0	0.0	165.62	23.883285761710223	165.62	23.883285761710223
NNI	0.0	50	50	1.0	0.0	106.36	6.58215025966563	106.36	6.58215025966563
NNI	0.0	50	50	1.0	0.0	295.08	58.28479579108229	295.08	58.28479579108229
NNI	0.0	50	50	1.0	0.0	425.68	89.40390093301755	425.68	89.40390093301755
NNI	0.0	50	50	1.0	0.0	218.12	47.73514206279376	218.12	47.73514206279376
NNI2	0.0	50	50	1.0	0.0	220.7	19.607001040340624	220.7	19.607001040340624
NNI2	0.0	50	50	1.0	0.0	200.32	19.55121876257439	200.32	19.55121876257439
NNI2	0.0	50	50	1.0	0.0	489.84	81.76169134398194	489.84	81.76169134398194
NNI2	0.0	50	50	1.0	0.0	542.16	153.83918812864826	542.16	153.83918812864826
NNI2	0.0	50	50	1.0	0.0	187.94	13.451998106646629	187.94	13.451998106646629
TBR	0.0	50	50	1.0	0.0	231.5	19.296383292297687	231.5	19.296383292297687
TBR	0.0	50	50	1.0	0.0	205.78	16.55440726815672	205.78	16.55440726815672
TBR	0.0	50	50	1.0	0.0	169.12	13.175940968604985	169.12	13.175940968604985
TBR	0.0	50	50	1.0	0.0	426.76	45.7532562463357	426.76	45.7532562463357
TBR	0.0	50	50	1.0	0.0	197.06	18.903026644601933	197.06	18.903026644601933
rTBR	0.0	50	50	1.0	0.0	255.88	23.414728314477973	255.88	23.414728314477973
rTBR	0.0	50	50	1.0	0.0	231.44	19.692620807950227	231.44	19.692620807950227
rTBR	0.0	50	50	1.0	0.0	197.5	16.350454028520904	197.5	16.350454028520904
rTBR	0.0	50	50	1.0	0.0	405.26	48.135572233907375	405.26	48.135572233907375
rTBR	0.0	50	50	1.0	0.0	186.02	17.517093459398627	186.02	17.517093459398627
mc3_NNI	0.0	50	50	1.0	0.0	68.42	3.2077826278841126	68.42	3.2077826278841126
mc3_NNI	0.0	50	50	1.0	0.0	69.82	3.217007101931476	69.82	3.217007101931476
mc3_NNI	0.0	50	50	1.0	0.0	76.9	4.188248866940523	76.9	4.188248866940523
mc3_NNI	0.0	50	50	1.0	0.0	116.66	11.366388330224751	116.66	11.366388330224751
mc3_NNI	0.0	50	50	1.0	0.0	66.68	3.3473035142225345	66.68	3.3473035142225345
NNI	0.02	50	50	1.0	0.0	88.74	12.224559088079992	88.74	12.224559088079992
NNI	0.02	50	50	1.0	0.0	59.58	3.460339726155246	59.58	3.460339726155246
NNI	0.02	50	50	1.0	0.0	379.08	97.93958504285868	379.08	97.93958504285868
NNI	0.02	50	50	1.0	0.0	441.1	80.51944751779801	441.1	80.51944751779801
NNI	0.02	50	50	1.0	0.0	162.16	44.08813399525629	162.16	44.08813399525629
NNI2	0.02	50	50	1.0	0.0	77.42	8.724494722519196	77.42	8.724494722519196
NNI2	0.02	50	50	1.0	0.0	84.0	7.221396778225902	84.0	7.221396778225902
NNI2	0.02	50	50	1.0	0.0	255.36	43.57586637821725	255.36	43.57586637821725
NNI2	0.02	50	50	1.0	0.0	417.64	75.87432552233587	417.64	75.87432552233587
NNI2	0.02	50	50	1.0	0.0	78.12	6.8611083771694865	78.12	6.8611083771694865
TBR	0.02	50	50	1.0	0.0	79.78	6.668371278670983	79.78	6.668371278670983
TBR	0.02	50	50	1.0	0.0	88.92	7.171419464991372	88.92	7.171419464991372
TBR	0.02	50	50	1.0	0.0	86.86	7.720844301933168	86.86	7.720844301933168
TBR	0.02	50	50	1.0	0.0	211.58	26.87611928376383	211.58	26.87611928376383
TBR	0.02	50	50	1.0	0.0	61.12	4.774903781485966	61.12	4.774903781485966
rTBR	0.02	50	50	1.0	0.0	81.44	6.537749722081094	81.44	6.537749722081094
rTBR	0.02	50	50	1.0	0.0	72.22	5.4541719661864985	72.22	5.4541719661864985
rTBR	0.02	50	50	1.0	0.0	92.96	7.2501631227250645	92.96	7.2501631227250645
rTBR	0.02	50	50	1.0	0.0	239.08	27.271871432458966	239.08	27.271871432458966
rTBR	0.02	50	50	1.0	0.0	65.18	5.254478362039648	65.18	5.254478362039648
mc3_NNI	0.02	50	50	1.0	0.0	37.84	2.380423560320854	37.84	2.380423560320854
mc3_NNI	0.02	50	50	1.0	0.0	38.18	2.419257771149099	38.18	2.419257771149099
mc3_NNI	0.02	50	50	1.0	0.0	45.5	2.88136163956543	45.5	2.88136163956543
mc3_NNI	0.02	50	50	1.0	0.0	91.04	6.615255097122105	91.04	6.615255097122105
mc3_NNI	0.02	50	50	1.0	0.0	32.82	1.542510543079108	32.82	1.542510543079108
NNI	0.05	50	50	1.0	0.0	104.66	28.722082949876597	104.66	28.722082949876597
NNI	0.05	50	50	1.0	0.0	33.3	1.935753821420187	33.3	1.935753821420187
NNI	0.05	50	50	1.0	0.0	456.46	116.62422547372796	456.46	116.62422547372796
NNI	0.05	50	50	1.0	0.0	327.84	66.59108452920337	327.84	66.59108452920337
NNI	0.05	50	50	1.0	0.0	91.76	43.10256926856009	91.76	43.10256926856009
NNI2	0.05	50	50	1.0	0.0	55.86	11.364104245655371	55.86	11.364104245655371
NNI2	0.05	50	50	1.0	0.0	38.74	4.507482214980703	38.74	4.507482214980703
NNI2	0.05	50	50	1.0	0.0	151.02	41.85328592664073	151.02	41.85328592664073
NNI2	0.05	50	50	1.0	0.0	364.56	55.0099520495137	364.56	55.0099520495137
NNI2	0.05	50	50	1.0	0.0	29.6	2.756069369110099	29.6	2.756069369110099
TBR	0.05	50	50	1.0	0.0	43.64	4.6994363535232955	43.64	4.6994363535232955
TBR	0.05	50	50	1.0	0.0	34.78	3.016998102588135	34.78	3.016998102588135
TBR	0.05	50	50	1.0	0.0	57.7	5.755937484591942	57.7	5.755937484591942
TBR	0.05	50	50	1.0	0.0	175.8	19.333950259920016	175.8	19.333950259920016
TBR	0.05	50	50	1.0	0.0	20.78	1.3131330349004775	20.78	1.3131330349004775
rTBR	0.05	50	50	1.0	0.0	47.9	4.945684575300708	47.9	4.945684575300708
rTBR	0.05	50	50	1.0	0.0	44.4	3.665503835402023	44.4	3.665503835402023
rTBR	0.05	50	50	1.0	0.0	61.72	5.540503182040787	61.72	5.540503182040787
rTBR	0.05	50	50	1.0	0.0	185.36	24.53393751104617	185.36	24.53393751104617
rTBR	0.05	50	50	1.0	0.0	33.38	2.480929713816568	33.38	2.480929713816568
mc3_NNI	0.05	50	50	1.0	0.0	28.56	1.5349426632913155	28.56	1.5349426632913155
mc3_NNI	0.05	50	50	1.0	0.0	23.5	1.5675927209500273	23.5	1.5675927209500273
mc3_NNI	0.05	50	50	1.0	0.0	35.4	1.8523013815692264	35.4	1.8523013815692264
mc3_NNI	0.05	50	50	1.0	0.0	65.32	5.871719839838327	65.32	5.871719839838327
mc3_NNI	0.05	50	50	1.0	0.0	17.66	0.8449658850739333	17.66	0.8449658850739333
NNI	0.1	50	50	1.0	0.0	18190.78	5293.972185172453	18190.78	5293.972185172453
NNI	0.1	50	50	1.0	0.0	26.46	1.760846271494685	26.46	1.760846271494685
NNI	0.1	50	50	1.0	0.0	294.48	68.71358027555918	294.48	68.71358027555918
NNI	0.1	50	50	1.0	0.0	380.56	69.05280534873737	380.56	69.05280534873737
NNI	0.1	50	50	1.0	0.0	34.78	12.834465397546419	34.78	12.834465397546419
NNI2	0.1	50	50	1.0	0.0	3378.12	1558.3128803855502	3378.12	1558.3128803855502
NNI2	0.1	50	50	1.0	0.0	18.26	1.57682450203061	18.26	1.57682450203061
NNI2	0.1	50	50	1.0	0.0	256.12	69.19990940185176	256.12	69.19990940185176
NNI2	0.1	50	50	1.0	0.0	203.02	42.87825660863462	203.02	42.87825660863462
NNI2	0.1	50	50	1.0	0.0	12.32	0.7386916177421055	12.32	0.7386916177421055
TBR	0.1	50	50	1.0	0.0	19.46	1.845725342735567	19.46	1.845725342735567
TBR	0.1	50	50	1.0	0.0	20.92	2.0281367743597087	20.92	2.0281367743597087
TBR	0.1	50	50	1.0	0.0	22.08	2.2700966445308457	22.08	2.2700966445308457
TBR	0.1	50	50	1.0	0.0	99.2	12.708473792019598	99.2	12.708473792019598
TBR	0.1	50	50	1.0	0.0	10.26	0.7394482223045693	10.26	0.7394482223045693
rTBR	0.1	50	50	1.0	0.0	34.44	3.319965576413621	34.44	3.319965576413621
rTBR	0.1	50	50	1.0	0.0	31.96	2.9293671392870326	31.96	2.9293671392870326
rTBR	0.1	50	50	1.0	0.0	42.88	3.8529755265461088	42.88	3.8529755265461088
rTBR	0.1	50	50	1.0	0.0	97.54	10.894380127723968	97.54	10.894380127723968
rTBR	0.1	50	50	1.0	0.0	23.66	1.484782674951703	23.66	1.484782674951703
mc3_NNI	0.1	50	50	1.0	0.0	429.48	288.9441697926138	429.48	288.9441697926138
mc3_NNI	0.1	50	50	1.0	0.0	18.32	0.7690120882253638	18.32	0.7690120882253638
mc3_NNI	0.1	50	50	1.0	0.0	24.82	1.5217310229217411	24.82	1.5217310229217411
mc3_NNI	0.1	50	50	1.0	0.0	43.28	3.7141802182820305	43.28	3.7141802182820305
mc3_NNI	0.1	50	50	1.0	0.0	13.9	0.7	13.9	0.7
NNI	0.2	50	13	0.26	0.06203224967708329	135718.3076923077	61226.49607886013	775286.76	56318.22712973461
NNI	0.2	50	50	1.0	0.0	240.98	91.52945099802577	240.98	91.52945099802577
NNI	0.2	50	50	1.0	0.0	2155.86	930.2003668334811	2155.86	930.2003668334811
NNI	0.2	50	50	1.0	0.0	281.98	48.70231516099432	281.98	48.70231516099432
NNI	0.2	50	50	1.0	0.0	149.04	47.024014360011975	149.04	47.024014360011975
NNI2	0.2	50	28	0.56	0.07019971509913697	27910.214285714286	15502.736472161405	455629.72	69469.07252542595
NNI2	0.2	50	50	1.0	0.0	14.9	3.077137551394815	14.9	3.077137551394815
NNI2	0.2	50	50	1.0	0.0	7391.02	5397.366468746681	7391.02	5397.366468746681
NNI2	0.2	50	50	1.0	0.0	96.02	16.379965114213682	96.02	16.379965114213682
NNI2	0.2	50	50	1.0	0.0	6.64	0.2567616221561254	6.64	0.2567616221561254
TBR	0.2	50	50	1.0	0.0	16.38	1.751475179990413	16.38	1.751475179990413
TBR	0.2	50	50	1.0	0.0	12.28	1.2639555662559454	12.28	1.2639555662559454
TBR	0.2	50	50	1.0	0.0	11.92	0.8110663175280869	11.92	0.8110663175280869
TBR	0.2	50	50	1.0	0.0	50.52	7.256087662319502	50.52	7.256087662319502
TBR	0.2	50	50	1.0	0.0	5.68	0.3238039215201643	5.68	0.3238039215201643
rTBR	0.2	50	50	1.0	0.0	33.16	2.6544317966874393	33.16	2.6544317966874393
rTBR	0.2	50	50	1.0	0.0	27.0	1.884848285996645	27.0	1.884848285996645
rTBR	0.2	50	50	1.0	0.0	27.34	1.8699798099968667	27.34	1.8699798099968667
rTBR	0.2	50	50	1.0	0.0	65.24	6.671814611039611	65.24	6.671814611039611
rTBR	0.2	50	50	1.0	0.0	20.42	1.4320215481219947	20.42	1.4320215481219947
mc3_NNI	0.2	50	32	0.64	0.06788225099390856	141184.40625	50584.1950379844	450358.02	67112.54806059525
mc3_NNI	0.2	50	50	1.0	0.0	26.0	3.4367758977606573	26.0	3.4367758977606573
mc3_NNI	0.2	50	50	1.0	0.0	66.56	11.293240166993163	66.56	11.293240166993163
mc3_NNI	0.2	50	50	1.0	0.0	36.02	2.987250459222067	36.02	2.987250459222067
mc3_NNI	0.2	50	50	1.0	0.0	19.98	3.58380598053556	19.98	3.58380598053556
NNI	0.3	50	0	0.0	0.0			1000000.0	0.0
NNI	0.3	50	50	1.0	0.0	21773.5	11357.875720873879	21773.5	11357.875720873879
NNI	0.3	50	48	0.96	0.02771281292110205	102733.375	35016.58689833338	138624.04	41952.294698436424
NNI	0.3	50	50	1.0	0.0	158.66	29.266831682549682	158.66	29.266831682549682
NNI	0.3	50	50	1.0	0.0	20615.14	16071.07325796461	20615.14	16071.07325796461
NNI2	0.3	50	21	0.42	0.06979971346646059	9.904761904761905	1.03947047394967	580004.16	70507.65979997398
NNI2	0.3	50	50	1.0	0.0	1105.48	689.0057244749014	1105.48	689.0057244749014
NNI2	0.3	50	46	0.92	0.038366652186501746	23993.782608695652	18826.580491009434	102074.28	41596.77880572338
NNI2	0.3	50	50	1.0	0.0	60.24	8.624812804830453	60.24	8.624812804830453
NNI2	0.3	50	50	1.0	0.0	2278.54	1987.2448332075753	2278.54	1987.2448332075753
TBR	0.3	50	50	1.0	0.0	13.46	1.4151397133015755	13.46	1.4151397133015755
TBR	0.3	50	50	1.0	0.0	9.82	0.9243596790895472	9.82	0.9243596790895472
TBR	0.3	50	50	1.0	0.0	8.22	0.5324490969250737	8.22	0.5324490969250737
TBR	0.3	50	50	1.0	0.0	33.9	3.9580710618446764	33.9	3.9580710618446764
TBR	0.3	50	50	1.0	0.0	5.18	0.24022098669554162	5.18	0.24022098669554162
rTBR	0.3	50	50	1.0	0.0	25.42	1.9441361336394243	25.42	1.9441361336394243
rTBR	0.3	50	50	1.0	0.0	27.3	2.0694571899956014	27.3	2.0694571899956014
rTBR	0.3	50	50	1.0	0.0	23.4	1.7865712229558266	23.4	1.7865712229558266
rTBR	0.3	50	50	1.0	0.0	51.18	5.392412659071474	51.18	5.392412659071474
rTBR	0.3	50	50	1.0	0.0	19.76	1.291592909897681	19.76	1.291592909897681
mc3_NNI	0.3	50	9	0.18	0.054332310828824504	10529.777777777777	10235.637323122279	821895.36	54334.34687023023
mc3_NNI	0.3	50	50	1.0	0.0	431.88	141.21393421446245	431.88	141.21393421446245
mc3_NNI	0.3	50	50	1.0	0.0	1509.08	423.4584487627699	1509.08	423.4584487627699
mc3_NNI	0.3	50	50	1.0	0.0	43.48	5.253355778811817	43.48	5.253355778811817
mc3_NNI	0.3	50	50	1.0	0.0	321.82	100.00200279627056	321.82	100.00200279627056
NNI	0.4	50	2	0.04	0.027712812921102035	75.5	15.5	960003.02	27992.054932732874
NNI	0.4	50	45	0.9	0.04242640687119285	56176.91111111111	13484.17305138207	150559.22	42226.882294366435
NNI	0.4	50	30	0.6	0.06928203230275509	234509.96666666667	51609.605356748	540705.98	61773.085682844045
NNI	0.4	50	50	1.0	0.0	121.84	18.51074392930566	121.84	18.51074392930566
NNI	0.4	50	37	0.74	0.06203224967708329	124521.21621621621	38565.986097640314	352145.7	61791.30652841358
NNI2	0.4	50	13	0.26	0.06203224967708329	7.230769230769231	0.651958058209801	740001.88	62661.58176110612
NNI2	0.4	50	47	0.94	0.03358571124749334	7821.425531914893	6612.1430344898	67352.14	34229.61633401528
NNI2	0.4	50	33	0.66	0.0669925368977769	59154.90909090909	31207.826928013917	379042.24	66884.89801815068
NNI2	0.4	50	50	1.0	0.0	58.74	8.23451224036583	58.74	8.23451224036583
NNI2	0.4	50	40	0.8	0.0565685424949238	11696.425	6481.830550725413	209357.14	56710.84440596489
TBR	0.4	50	50	1.0	0.0	10.46	0.7789108041466151	10.46	0.7789108041466151
TBR	0.4	50	50	1.0	0.0	10.18	0.8180065365738534	10.18	0.8180065365738534
TBR	0.4	50	50	1.0	0.0	5.68	0.2578403239469366	5.68	0.2578403239469366
TBR	0.4	50	50	1.0	0.0	22.76	2.6883816541494525	22.76	2.6883816541494525
TBR	0.4	50	50	1.0	0.0	5.08	0.20768893537584282	5.08	0.20768893537584282
rTBR	0.4	50	50	1.0	0.0	30.78	2.988998876833895	30.78	2.988998876833895
rTBR	0.4	50	50	1.0	0.0	25.46	2.2852160171191604	25.46	2.2852160171191604
rTBR	0.4	50	50	1.0	0.0	23.6	1.5994897145461036	23.6	1.5994897145461036
rTBR	0.4	50	50	1.0	0.0	57.58	6.047370148608874	57.58	6.047370148608874
rTBR	0.4	50	50	1.0	0.0	21.66	1.1950954192969236	21.66	1.1950954192969236
mc3_NNI	0.4	50	6	0.12	0.04595650117230423	50.0	22.783034623742875	880006.0	46420.75551254975
mc3_NNI	0.4	50	49	0.98	0.019798989873223337	17507.38775510204	5106.674904786592	37157.24	20276.87591041015
mc3_NNI	0.4	50	50	1.0	0.0	159329.68	30698.079788068913	159329.68	30698.079788068913
mc3_NNI	0.4	50	50	1.0	0.0	52.14	6.956013988790196	52.14	6.956013988790196
mc3_NNI	0.4	50	48	0.96	0.02771281292110205	32112.395833333332	15932.188885111436	70827.9	31110.856883878714
NNI	0.5	50	1	0.02	0.01979898987322333	35.0	0.0	980000.7	19999.3
NNI	0.5	50	23	0.46	0.07048404074682439	284011.0869565217	61108.56586701873	670645.1	58051.78647683498
NNI	0.5	50	5	0.1	0.042426406871192854	121958.0	121054.58315280755	912195.8	39187.63931516557
NNI	0.5	50	50	1.0	0.0	258.88	44.98589021423658	258.88	44.98589021423658
NNI	0.5	50	10	0.2	0.05656854249492381	164583.0	72342.73139161944	832916.6	49710.93946776048
NNI2	0.5	50	18	0.36	0.06788225099390856	6556.333333333333	5404.858617923189	642360.28	68148.62598229195
NNI2	0.5	50	30	0.6	0.06928203230275509	33019.03333333333	19775.788993515624	419811.42	68692.95026991171
NNI2	0.5	50	13	0.26	0.06203224967708329	17002.076923076922	15967.010396624572	744420.54	61728.28010986378
NNI2	0.5	50	50	1.0	0.0	128.22	31.47586428762618	128.22	31.47586428762618
TBR	0.5	50	50	1.0	0.0	9.7	0.8067318801997428	9.7	0.8067318801997428
TBR	0.5	50	50	1.0	0.0	100.92	39.299019461205965	100.92	39.299019461205965
TBR	0.5	50	50	1.0	0.0	5.5	0.21044171232366052	5.5	0.21044171232366052
TBR	0.5	50	50	1.0	0.0	22.44	3.392568107989424	22.44	3.392568107989424
rTBR	0.5	50	50	1.0	0.0	25.02	1.224741538747949	25.02	1.224741538747949
rTBR	0.5	50	50	1.0	0.0	26.92	2.319542530547868	26.92	2.319542530547868
rTBR	0.5	50	50	1.0	0.0	22.52	1.4664242223858688	22.52	1.4664242223858688
rTBR	0.5	50	50	1.0	0.0	52.72	5.27172202048102	52.72	5.27172202048102
mc3_NNI	0.5	50	1	0.02	0.01979898987322333	380.0	0.0	980007.6	19992.4
mc3_NNI	0.5	50	39	0.78	0.05858327406350723	261109.4871794872	40754.993417676575	423665.4	54006.37389280821
mc3_NNI	0.5	50	10	0.2	0.05656854249492381	44160.3	42932.20110982483	808832.06	55235.75412261711
mc3_NNI	0.5	50	50	1.0	0.0	165.0	17.05192550022742	165.0	17.05192550022742
